{
	"format_version": "1.8.0",
	"animations": {
		"animation.elephant.idle": {
			"loop": true,
			"animation_length": 2,
			"bones": {
				"body": {
					"rotation": {
						"0.0": [1.5, 0, 0],
						"1.0": [0, 0, 0],
						"2.0": [1.5, 0, 0]
					},
					"position": {
						"0.0": [0, 0, 0],
						"1.0": [0, 0, 0],
						"2.0": [0, 0, 0]
					}
				},
				"head": {
					"rotation": {
						"0.0": [-2.5, 0, 0],
						"1.0": [-5, 0, 0],
						"2.0": [-2.5, 0, 0]
					}
				},
				"trunk": {
					"rotation": {
						"0.0": [-7.5, 0, 0],
						"1.0": [-12, 0, 0],
						"2.0": [-7.5, 0, 0]
					}
				},
				"trunk2": {
					"rotation": {
						"0.0": [12.5, 0, 0],
						"1.0": [17.5, 0, 0],
						"2.0": [12.5, 0, 0]
					}
				},
				"trunk3": {
					"rotation": {
						"0.0": [17.5, 0, 0],
						"1.0": [35, 0, 0],
						"2.0": [17.5, 0, 0]
					}
				},
				"left_ear": {
					"rotation": {
						"0.0": [-7.37334, -31.53521, 17.52168],
						"1.0": [-8.39021, -41.4416, 19.22522],
						"2.0": [-7.37334, -31.53521, 17.52168]
					}
				},
				"right_ear": {
					"rotation": {
						"0.0": [-7.37334, 31.53521, -17.52168],
						"1.0": [-8.39021, 41.4416, -19.22522],
						"2.0": [-7.37334, 31.53521, -17.52168]
					}
				},
				"tail": {
					"rotation": {
						"0.0": [0, 0, 0],
						"0.5": [0, 0, -10],
						"1.0": [7.5, 0, 0],
						"1.5": [0, 0, 10],
						"2.0": [0, 0, 0]
					},
					"position": {
						"0.0": [0, 0, 0],
						"2.0": [0, 0, 0]
					}
				}
			}
		},
		"animation.elephant.walk": {
			"loop": true,
			"animation_length": 4,
			"bones": {
				"model": {
					"rotation": {
						"0.0": [-1, 0, 0],
						"1.0": [1.5, 0, 0],
						"2.0": [-1, 0, 0],
						"3.0": [1.5, 0, 0],
						"3.9583": [-1, 0, 0]
					},
					"position": {
						"0.0": [0, 0.3, 0],
						"0.5": [0, 0.65, 0],
						"1.0": [0, -0.6, 0],
						"1.5": [0, 0.65, 0],
						"2.0": [0, 0.3, 0],
						"2.5417": [0, 0.65, 0],
						"3.0": [0, -0.6, 0],
						"3.5417": [0, 0.65, 0],
						"3.9583": [0, 0.3, 0]
					}
				},
				"head": {
					"rotation": {
						"0.0": [0, 0, 0],
						"1.0": [-7.5, 0, 0],
						"2.0": [0, 0, 0],
						"3.0": [-7.5, 0, 0],
						"4.0": [0, 0, 0]
					}
				},
				"trunk": {
					"rotation": {
						"0.0": [-7.5, 0, 0],
						"1.0": [-12.5, 0, 0],
						"2.0": [-7.5, 0, 0],
						"3.0": [-12.5, 0, 0],
						"4.0": [-7.5, 0, 0]
					}
				},
				"trunk2": {
					"rotation": {
						"0.0": [12.5, 0, 0],
						"1.0": [22.5, 0, 0],
						"2.0": [12.5, 0, 0],
						"3.0": [22.5, 0, 0],
						"4.0": [12.5, 0, 0]
					}
				},
				"trunk3": {
					"rotation": {
						"0.0": [17.5, 0, 0],
						"1.0": [32.5, 0, 0],
						"2.0": [17.5, 0, 0],
						"3.0": [32.5, 0, 0],
						"4.0": [17.5, 0, 0]
					}
				},
				"left_ear": {
					"rotation": {
						"0.0": [-2.72136, -32.19653, 8.72261],
						"0.5": [2.01328, -32.24298, -0.14489],
						"1.0": [-2.72136, -32.19653, 8.72261],
						"1.5": [2.01328, -32.24298, -0.14489],
						"2.0": [-2.72136, -32.19653, 8.72261],
						"2.5": [2.01328, -32.24298, -0.14489],
						"3.0": [-2.72136, -32.19653, 8.72261],
						"3.5": [2.01328, -32.24298, -0.14489],
						"4.0": [-2.72136, -32.19653, 8.72261]
					}
				},
				"right_ear": {
					"rotation": {
						"0.0": [-2.72136, 32.19653, -8.72261],
						"0.5": [2.01328, 32.24298, 0.14489],
						"1.0": [-2.72136, 32.19653, -8.72261],
						"1.5": [2.01328, 32.24298, 0.14489],
						"2.0": [-2.72136, 32.19653, -8.72261],
						"2.5": [2.01328, 32.24298, 0.14489],
						"3.0": [-2.72136, 32.19653, -8.72261],
						"3.5": [2.01328, 32.24298, 0.14489],
						"4.0": [-2.72136, 32.19653, -8.72261]
					}
				},
				"tail": {
					"rotation": {
						"0.0": [8, 0, 0],
						"0.5": [0, 0, 0],
						"1.0": [8, 0, 0],
						"1.5": [0, 0, 0],
						"2.0": [8, 0, 0],
						"2.5": [0, 0, 0],
						"3.0": [8, 0, 0],
						"3.5": [0, 0, 0],
						"4.0": [8, 0, 0]
					}
				},
				"front_legs": {
					"position": {
						"0.0": [0, -1, 0],
						"1.0": [0, 0, 0],
						"2.0": [0, -1, 0],
						"3.0": [0, 0, 0],
						"4.0": [0, -1, 0]
					}
				},
				"right_front_leg": {
					"rotation": {
						"0.0": [17, 0, 0],
						"1.0": [-17, 0, 0],
						"2.0": [17, 0, 0],
						"3.0": [-17, 0, 0],
						"4.0": [17, 0, 0]
					},
					"position": {
						"0.0": [0, 0, 0],
						"0.5": [0, 1.3, 0],
						"1.0": [0, 0, 0],
						"1.5": [0, -0.2, 0],
						"2.0": [0, 0, 0],
						"2.5": [0, 1.3, 0],
						"3.0": [0, 0, 0],
						"3.5417": [0, -0.2, 0],
						"4.0": [0, 0, 0]
					}
				},
				"left_front_leg": {
					"rotation": {
						"0.0": [-15, 0, 0],
						"1.0": [15, 0, 0],
						"2.0": [-15, 0, 0],
						"3.0": [15, 0, 0],
						"4.0": [-15, 0, 0]
					},
					"position": {
						"0.0": [0, 0, 0],
						"0.5": [0, -0.3, 0],
						"1.0": [0, 0, 0],
						"1.5": [0, 1.5, 0],
						"2.0": [0, 0, 0],
						"2.5": [0, -0.3, 0],
						"3.0": [0, 0, 0],
						"3.5": [0, 1.5, 0],
						"4.0": [0, 0, 0]
					}
				},
				"right_leg": {
					"rotation": {
						"0.0": [-15, 0, 0],
						"1.0": [8, 0, 0],
						"2.0": [-15, 0, 0],
						"3.0": [8, 0, 0],
						"4.0": [-15, 0, 0]
					},
					"position": {
						"0.0": [0, 0, 0],
						"0.5": [0, -0.9, 0],
						"1.0": [0, -1.1, 0],
						"1.5": [0, 1.2, 0],
						"2.0": [0, 0, 0],
						"2.5": [0, -0.9, 0],
						"3.0": [0, -1.1, 0],
						"3.5": [0, 1.2, 0],
						"4.0": [0, 0, 0]
					}
				},
				"left_leg": {
					"rotation": {
						"0.0": [7.5, 0, 0],
						"1.0": [-17.5, 0, 0],
						"2.0": [7.5, 0, 0],
						"3.0": [-17.5, 0, 0],
						"4.0": [7.5, 0, 0]
					},
					"position": {
						"0.0": [0, 0, 0],
						"0.5": [0, 1, 0],
						"1.0": [0, -1, 0],
						"2.0": [0, 0, 0],
						"2.5": [0, 1, 0],
						"3.0": [0, -2, 0],
						"4.0": [0, 0, 0]
					}
				}
			}
		},
		"animation.elephant.trumpet": {
			"animation_length": 2.45833,
			"bones": {
				"body": {
					"rotation": {
						"0.0": [1.5, 0, 0],
						"0.5": [-5, 0, 0],
						"2.0": [-5, 0, 0],
						"2.25": [0, 0, 0],
						"2.4583": [1.5, 0, 0]
					},
					"position": {
						"0.0": [0, 0, 0],
						"2.25": [0, 0, 0],
						"2.4583": [0, 0, 0]
					}
				},
				"head": {
					"rotation": {
						"0.0": [-2.5, 0, 0],
						"0.5": [-15, 0, 0],
						"0.75": [-27.5, 0, 0],
						"1.5": [-27.5, 0, 0],
						"2.0": [-15, 0, 0],
						"2.25": [0, 0, 0],
						"2.4583": [-2.5, 0, 0]
					},
					"position": {
						"0.0": [0, 0, 0],
						"2.25": [0, 0, 0]
					}
				},
				"trunk": {
					"rotation": {
						"0.0": [-7.5, 0, 0],
						"0.5": [-17.5, 0, 0],
						"0.75": [-25, 0, 0],
						"1.25": [-30, 0, 0],
						"2.4583": [-7.5, 0, 0]
					},
					"position": {
						"0.0": [0, 0, 0],
						"2.25": [0, 0, 0]
					}
				},
				"trunk2": {
					"rotation": {
						"0.0": [12.5, 0, 0],
						"0.5": [-40, 0, 0],
						"0.75": [-60, 0, 0],
						"1.25": [-62.5, 0, 0],
						"1.5": [-55, 0, 0],
						"1.75": [-47.5, 0, 0],
						"2.4583": [12.5, 0, 0]
					},
					"position": {
						"0.0": [0, 0, 0],
						"0.5": [0, 0, 0],
						"0.75": [0, 2, 1],
						"2.4583": [0, 0, 0]
					}
				},
				"trunk3": {
					"rotation": {
						"0.0": [17.5, 0, 0],
						"0.5": [-37.5, 0, 0],
						"0.75": [-55, 0, 0],
						"1.0417": [-30, 0, 0],
						"1.25": [-47.5, 0, 0],
						"1.5": [-27.5, 0, 0],
						"1.75": [-42.5, 0, 0],
						"2.4583": [17.5, 0, 0]
					},
					"position": [0, 0, 0]
				},
				"tail": {
					"rotation": {
						"0.0": [0, 0, 0],
						"0.3333": [17.5, 0, 0],
						"0.625": [25.5, 0, 0],
						"0.9583": [17.5, 0, 0],
						"1.25": [25.5, 0, 0],
						"1.5833": [17.5, 0, 0],
						"1.875": [25.5, 0, 0],
						"2.2083": [0, 0, 0],
						"2.4583": [0, 0, 0]
					},
					"position": {
						"0.0": [0, 0, 0],
						"2.25": [0, 0, 0],
						"2.4583": [0, 0, 0]
					}
				},
				"left_ear": {
					"rotation": {
						"0.0": [-7.37334, -31.53521, 17.52168],
						"0.5833": [7.89133, -27.38811, -11.22682],
						"0.7083": [17.95286, -17.86761, -5.89693],